id;date;status;remarks
1;Architect Small;Inverse Beauty River;withdrawal
2;Frozen Card;platforms portals Sports;payment Concrete
3;SQL Nauru Bike;markets Tunnel;scale Tactics
4;synthesize;Designer Manager composite;Account Towels
5;Rustic compressing;Wooden Illinois;Global
6;array;solid;synergy navigating Executive
7;Response solutions connect;programming transmit Chief;brand installation
8;Agent;yellow Bahraini;Cheese
9;Libyan Fresh;feed TCP Health;Aruban olive Monaco
10;payment mobile Wooden;Berkshire virtual;purple Rustic
